descriptor,source,nan_rate,kept
MaxAbsEStateIndex,rdkit,0.0,True
MaxEStateIndex,rdkit,0.0,True
MinAbsEStateIndex,rdkit,0.0,True
MinEStateIndex,rdkit,0.0,True
qed,rdkit,0.0,True
SPS,rdkit,0.0,True
MolWt,rdkit,0.0,True
HeavyAtomMolWt,rdkit,0.0,True
ExactMolWt,rdkit,0.0,True
NumValenceElectrons,rdkit,0.0,True
NumRadicalElectrons,rdkit,0.0,True
MaxPartialCharge,rdkit,0.010101010101010102,True
MinPartialCharge,rdkit,0.010101010101010102,True
MaxAbsPartialCharge,rdkit,0.010101010101010102,True
MinAbsPartialCharge,rdkit,0.010101010101010102,True
FpDensityMorgan1,rdkit,0.0,True
FpDensityMorgan2,rdkit,0.0,True
FpDensityMorgan3,rdkit,0.0,True
BCUT2D_MWHI,rdkit,0.2828282828282828,False
BCUT2D_MWLOW,rdkit,0.2828282828282828,False
BCUT2D_CHGHI,rdkit,0.2828282828282828,False
BCUT2D_CHGLO,rdkit,0.2828282828282828,False
BCUT2D_LOGPHI,rdkit,0.2828282828282828,False
BCUT2D_LOGPLOW,rdkit,0.2828282828282828,False
BCUT2D_MRHI,rdkit,0.2828282828282828,False
BCUT2D_MRLOW,rdkit,0.2828282828282828,False
AvgIpc,rdkit,0.0,True
BalabanJ,rdkit,0.0,True
BertzCT,rdkit,0.0,True
Chi0,rdkit,0.0,True
Chi0n,rdkit,0.0,True
Chi0v,rdkit,0.0,True
Chi1,rdkit,0.0,True
Chi1n,rdkit,0.0,True
Chi1v,rdkit,0.0,True
Chi2n,rdkit,0.0,True
Chi2v,rdkit,0.0,True
Chi3n,rdkit,0.0,True
Chi3v,rdkit,0.0,True
Chi4n,rdkit,0.0,True
Chi4v,rdkit,0.0,True
HallKierAlpha,rdkit,0.0,True
Kappa1,rdkit,0.0,True
Kappa2,rdkit,0.0,True
Kappa3,rdkit,0.0,True
LabuteASA,rdkit,0.0,True
PEOE_VSA1,rdkit,0.0,True
PEOE_VSA10,rdkit,0.0,True
PEOE_VSA11,rdkit,0.0,True
PEOE_VSA12,rdkit,0.0,True
PEOE_VSA13,rdkit,0.0,True
PEOE_VSA14,rdkit,0.0,True
PEOE_VSA2,rdkit,0.0,True
PEOE_VSA3,rdkit,0.0,True
PEOE_VSA4,rdkit,0.0,True
PEOE_VSA5,rdkit,0.0,True
PEOE_VSA6,rdkit,0.0,True
PEOE_VSA7,rdkit,0.0,True
PEOE_VSA8,rdkit,0.0,True
PEOE_VSA9,rdkit,0.0,True
SMR_VSA1,rdkit,0.0,True
SMR_VSA10,rdkit,0.0,True
SMR_VSA2,rdkit,0.0,True
SMR_VSA3,rdkit,0.0,True
SMR_VSA4,rdkit,0.0,True
SMR_VSA5,rdkit,0.0,True
SMR_VSA6,rdkit,0.0,True
SMR_VSA7,rdkit,0.0,True
SMR_VSA8,rdkit,0.0,True
SMR_VSA9,rdkit,0.0,True
SlogP_VSA1,rdkit,0.0,True
SlogP_VSA10,rdkit,0.0,True
SlogP_VSA11,rdkit,0.0,True
SlogP_VSA12,rdkit,0.0,True
SlogP_VSA2,rdkit,0.0,True
SlogP_VSA3,rdkit,0.0,True
SlogP_VSA4,rdkit,0.0,True
SlogP_VSA5,rdkit,0.0,True
SlogP_VSA6,rdkit,0.0,True
SlogP_VSA7,rdkit,0.0,True
SlogP_VSA8,rdkit,0.0,True
SlogP_VSA9,rdkit,0.0,True
TPSA,rdkit,0.0,True
EState_VSA1,rdkit,0.0,True
EState_VSA10,rdkit,0.0,True
EState_VSA11,rdkit,0.0,True
EState_VSA2,rdkit,0.0,True
EState_VSA3,rdkit,0.0,True
EState_VSA4,rdkit,0.0,True
EState_VSA5,rdkit,0.0,True
EState_VSA6,rdkit,0.0,True
EState_VSA7,rdkit,0.0,True
EState_VSA8,rdkit,0.0,True
EState_VSA9,rdkit,0.0,True
VSA_EState1,rdkit,0.0,True
VSA_EState10,rdkit,0.0,True
VSA_EState2,rdkit,0.0,True
VSA_EState3,rdkit,0.0,True
VSA_EState4,rdkit,0.0,True
VSA_EState5,rdkit,0.0,True
VSA_EState6,rdkit,0.0,True
VSA_EState7,rdkit,0.0,True
VSA_EState8,rdkit,0.0,True
VSA_EState9,rdkit,0.0,True
FractionCSP3,rdkit,0.0,True
HeavyAtomCount,rdkit,0.0,True
NHOHCount,rdkit,0.0,True
NOCount,rdkit,0.0,True
NumAliphaticCarbocycles,rdkit,0.0,True
NumAliphaticHeterocycles,rdkit,0.0,True
NumAliphaticRings,rdkit,0.0,True
NumAmideBonds,rdkit,0.0,True
NumAromaticCarbocycles,rdkit,0.0,True
NumAromaticHeterocycles,rdkit,0.0,True
NumAromaticRings,rdkit,0.0,True
NumAtomStereoCenters,rdkit,0.0,True
NumBridgeheadAtoms,rdkit,0.0,True
NumHAcceptors,rdkit,0.0,True
NumHDonors,rdkit,0.0,True
NumHeteroatoms,rdkit,0.0,True
NumHeterocycles,rdkit,0.0,True
NumRotatableBonds,rdkit,0.0,True
NumSaturatedCarbocycles,rdkit,0.0,True
NumSaturatedHeterocycles,rdkit,0.0,True
NumSaturatedRings,rdkit,0.0,True
NumSpiroAtoms,rdkit,0.0,True
NumUnspecifiedAtomStereoCenters,rdkit,0.0,True
Phi,rdkit,0.0,True
RingCount,rdkit,0.0,True
MolLogP,rdkit,0.0,True
MolMR,rdkit,0.0,True
fr_Al_COO,rdkit,0.0,True
fr_Al_OH,rdkit,0.0,True
fr_Al_OH_noTert,rdkit,0.0,True
fr_ArN,rdkit,0.0,True
fr_Ar_COO,rdkit,0.0,True
fr_Ar_N,rdkit,0.0,True
fr_Ar_NH,rdkit,0.0,True
fr_Ar_OH,rdkit,0.0,True
fr_COO,rdkit,0.0,True
fr_COO2,rdkit,0.0,True
fr_C_O,rdkit,0.0,True
fr_C_O_noCOO,rdkit,0.0,True
fr_C_S,rdkit,0.0,True
fr_HOCCN,rdkit,0.0,True
fr_Imine,rdkit,0.0,True
fr_NH0,rdkit,0.0,True
fr_NH1,rdkit,0.0,True
fr_NH2,rdkit,0.0,True
fr_N_O,rdkit,0.0,True
fr_Ndealkylation1,rdkit,0.0,True
fr_Ndealkylation2,rdkit,0.0,True
fr_Nhpyrrole,rdkit,0.0,True
fr_SH,rdkit,0.0,True
fr_aldehyde,rdkit,0.0,True
fr_alkyl_carbamate,rdkit,0.0,True
fr_alkyl_halide,rdkit,0.0,True
fr_allylic_oxid,rdkit,0.0,True
fr_amide,rdkit,0.0,True
fr_amidine,rdkit,0.0,True
fr_aniline,rdkit,0.0,True
fr_aryl_methyl,rdkit,0.0,True
fr_azide,rdkit,0.0,True
fr_azo,rdkit,0.0,True
fr_barbitur,rdkit,0.0,True
fr_benzene,rdkit,0.0,True
fr_benzodiazepine,rdkit,0.0,True
fr_bicyclic,rdkit,0.0,True
fr_diazo,rdkit,0.0,True
fr_dihydropyridine,rdkit,0.0,True
fr_epoxide,rdkit,0.0,True
fr_ester,rdkit,0.0,True
fr_ether,rdkit,0.0,True
fr_furan,rdkit,0.0,True
fr_guanido,rdkit,0.0,True
fr_halogen,rdkit,0.0,True
fr_hdrzine,rdkit,0.0,True
fr_hdrzone,rdkit,0.0,True
fr_imidazole,rdkit,0.0,True
fr_imide,rdkit,0.0,True
fr_isocyan,rdkit,0.0,True
fr_isothiocyan,rdkit,0.0,True
fr_ketone,rdkit,0.0,True
fr_ketone_Topliss,rdkit,0.0,True
fr_lactam,rdkit,0.0,True
fr_lactone,rdkit,0.0,True
fr_methoxy,rdkit,0.0,True
fr_morpholine,rdkit,0.0,True
fr_nitrile,rdkit,0.0,True
fr_nitro,rdkit,0.0,True
fr_nitro_arom,rdkit,0.0,True
fr_nitro_arom_nonortho,rdkit,0.0,True
fr_nitroso,rdkit,0.0,True
fr_oxazole,rdkit,0.0,True
fr_oxime,rdkit,0.0,True
fr_para_hydroxylation,rdkit,0.0,True
fr_phenol,rdkit,0.0,True
fr_phenol_noOrthoHbond,rdkit,0.0,True
fr_phos_acid,rdkit,0.0,True
fr_phos_ester,rdkit,0.0,True
fr_piperdine,rdkit,0.0,True
fr_piperzine,rdkit,0.0,True
fr_priamide,rdkit,0.0,True
fr_prisulfonamd,rdkit,0.0,True
fr_pyridine,rdkit,0.0,True
fr_quatN,rdkit,0.0,True
fr_sulfide,rdkit,0.0,True
fr_sulfonamd,rdkit,0.0,True
fr_sulfone,rdkit,0.0,True
fr_term_acetylene,rdkit,0.0,True
fr_tetrazole,rdkit,0.0,True
fr_thiazole,rdkit,0.0,True
fr_thiocyan,rdkit,0.0,True
fr_thiophene,rdkit,0.0,True
fr_unbrch_alkane,rdkit,0.0,True
fr_urea,rdkit,0.0,True
ABC,mordred,1.0,False
ABCGG,mordred,1.0,False
nAcid,mordred,0.0,True
nBase,mordred,0.0,True
SpAbs_A,mordred,0.32323232323232326,False
SpMax_A,mordred,0.32323232323232326,False
SpDiam_A,mordred,0.32323232323232326,False
SpAD_A,mordred,0.32323232323232326,False
SpMAD_A,mordred,0.32323232323232326,False
LogEE_A,mordred,0.32323232323232326,False
VE1_A,mordred,0.32323232323232326,False
VE2_A,mordred,0.32323232323232326,False
VE3_A,mordred,0.32323232323232326,False
VR1_A,mordred,0.32323232323232326,False
VR2_A,mordred,0.32323232323232326,False
VR3_A,mordred,0.3333333333333333,False
nAromAtom,mordred,0.0,True
nAromBond,mordred,0.0,True
nAtom,mordred,0.0,True
nHeavyAtom,mordred,0.0,True
nSpiro,mordred,0.0,True
nBridgehead,mordred,0.0,True
nHetero,mordred,0.0,True
nH,mordred,0.0,True
nB,mordred,0.0,True
nC,mordred,0.0,True
nN,mordred,0.0,True
nO,mordred,0.0,True
nS,mordred,0.0,True
nP,mordred,0.0,True
nF,mordred,0.0,True
nCl,mordred,0.0,True
nBr,mordred,0.0,True
nI,mordred,0.0,True
nX,mordred,0.0,True
ATS0dv,mordred,0.0,True
ATS1dv,mordred,0.0,True
ATS2dv,mordred,0.0,True
ATS3dv,mordred,0.0,True
ATS4dv,mordred,0.0,True
ATS5dv,mordred,0.0,True
ATS6dv,mordred,0.0,True
ATS7dv,mordred,0.0,True
ATS8dv,mordred,0.0,True
ATS0d,mordred,0.0,True
ATS1d,mordred,0.0,True
ATS2d,mordred,0.0,True
ATS3d,mordred,0.0,True
ATS4d,mordred,0.0,True
ATS5d,mordred,0.0,True
ATS6d,mordred,0.0,True
ATS7d,mordred,0.0,True
ATS8d,mordred,0.0,True
ATS0s,mordred,0.32323232323232326,False
ATS1s,mordred,0.32323232323232326,False
ATS2s,mordred,0.32323232323232326,False
ATS3s,mordred,0.32323232323232326,False
ATS4s,mordred,0.32323232323232326,False
ATS5s,mordred,0.32323232323232326,False
ATS6s,mordred,0.32323232323232326,False
ATS7s,mordred,0.32323232323232326,False
ATS8s,mordred,0.32323232323232326,False
ATS0Z,mordred,0.0,True
ATS1Z,mordred,0.0,True
ATS2Z,mordred,0.0,True
ATS3Z,mordred,0.0,True
ATS4Z,mordred,0.0,True
ATS5Z,mordred,0.0,True
ATS6Z,mordred,0.0,True
ATS7Z,mordred,0.0,True
ATS8Z,mordred,0.0,True
ATS0m,mordred,0.0,True
ATS1m,mordred,0.0,True
ATS2m,mordred,0.0,True
ATS3m,mordred,0.0,True
ATS4m,mordred,0.0,True
ATS5m,mordred,0.0,True
ATS6m,mordred,0.0,True
ATS7m,mordred,0.0,True
ATS8m,mordred,0.0,True
ATS0v,mordred,0.0,True
ATS1v,mordred,0.0,True
ATS2v,mordred,0.0,True
ATS3v,mordred,0.0,True
ATS4v,mordred,0.0,True
ATS5v,mordred,0.0,True
ATS6v,mordred,0.0,True
ATS7v,mordred,0.0,True
ATS8v,mordred,0.0,True
ATS0se,mordred,0.010101010101010102,True
ATS1se,mordred,0.010101010101010102,True
ATS2se,mordred,0.010101010101010102,True
ATS3se,mordred,0.010101010101010102,True
ATS4se,mordred,0.010101010101010102,True
ATS5se,mordred,0.010101010101010102,True
ATS6se,mordred,0.010101010101010102,True
ATS7se,mordred,0.010101010101010102,True
ATS8se,mordred,0.010101010101010102,True
ATS0pe,mordred,0.0,True
ATS1pe,mordred,0.0,True
ATS2pe,mordred,0.0,True
ATS3pe,mordred,0.0,True
ATS4pe,mordred,0.0,True
ATS5pe,mordred,0.0,True
ATS6pe,mordred,0.0,True
ATS7pe,mordred,0.0,True
ATS8pe,mordred,0.0,True
ATS0are,mordred,0.010101010101010102,True
ATS1are,mordred,0.010101010101010102,True
ATS2are,mordred,0.010101010101010102,True
ATS3are,mordred,0.010101010101010102,True
ATS4are,mordred,0.010101010101010102,True
ATS5are,mordred,0.010101010101010102,True
ATS6are,mordred,0.010101010101010102,True
ATS7are,mordred,0.010101010101010102,True
ATS8are,mordred,0.010101010101010102,True
ATS0p,mordred,0.0,True
ATS1p,mordred,0.0,True
ATS2p,mordred,0.0,True
ATS3p,mordred,0.0,True
ATS4p,mordred,0.0,True
ATS5p,mordred,0.0,True
ATS6p,mordred,0.0,True
ATS7p,mordred,0.0,True
ATS8p,mordred,0.0,True
ATS0i,mordred,0.0,True
ATS1i,mordred,0.0,True
ATS2i,mordred,0.0,True
ATS3i,mordred,0.0,True
ATS4i,mordred,0.0,True
ATS5i,mordred,0.0,True
ATS6i,mordred,0.0,True
ATS7i,mordred,0.0,True
ATS8i,mordred,0.0,True
AATS0dv,mordred,0.0,True
AATS1dv,mordred,0.030303030303030304,True
AATS2dv,mordred,0.08080808080808081,True
AATS3dv,mordred,0.13131313131313133,True
AATS4dv,mordred,0.1414141414141414,True
AATS5dv,mordred,0.20202020202020202,False
AATS6dv,mordred,0.26262626262626265,False
AATS7dv,mordred,0.3434343434343434,False
AATS8dv,mordred,0.3838383838383838,False
AATS0d,mordred,0.0,True
AATS1d,mordred,0.030303030303030304,True
AATS2d,mordred,0.08080808080808081,True
AATS3d,mordred,0.13131313131313133,True
AATS4d,mordred,0.1414141414141414,True
AATS5d,mordred,0.20202020202020202,False
AATS6d,mordred,0.26262626262626265,False
AATS7d,mordred,0.3434343434343434,False
AATS8d,mordred,0.3838383838383838,False
AATS0s,mordred,0.32323232323232326,False
AATS1s,mordred,0.32323232323232326,False
AATS2s,mordred,0.32323232323232326,False
AATS3s,mordred,0.3434343434343434,False
AATS4s,mordred,0.3434343434343434,False
AATS5s,mordred,0.3838383838383838,False
AATS6s,mordred,0.43434343434343436,False
AATS7s,mordred,0.47474747474747475,False
AATS8s,mordred,0.5151515151515151,False
AATS0Z,mordred,0.0,True
AATS1Z,mordred,0.030303030303030304,True
AATS2Z,mordred,0.08080808080808081,True
AATS3Z,mordred,0.13131313131313133,True
AATS4Z,mordred,0.1414141414141414,True
AATS5Z,mordred,0.20202020202020202,False
AATS6Z,mordred,0.26262626262626265,False
AATS7Z,mordred,0.3434343434343434,False
AATS8Z,mordred,0.3838383838383838,False
AATS0m,mordred,0.0,True
AATS1m,mordred,0.030303030303030304,True
AATS2m,mordred,0.08080808080808081,True
AATS3m,mordred,0.13131313131313133,True
AATS4m,mordred,0.1414141414141414,True
AATS5m,mordred,0.20202020202020202,False
AATS6m,mordred,0.26262626262626265,False
AATS7m,mordred,0.3434343434343434,False
AATS8m,mordred,0.3838383838383838,False
AATS0v,mordred,0.0,True
AATS1v,mordred,0.030303030303030304,True
AATS2v,mordred,0.08080808080808081,True
AATS3v,mordred,0.13131313131313133,True
AATS4v,mordred,0.1414141414141414,True
AATS5v,mordred,0.20202020202020202,False
AATS6v,mordred,0.26262626262626265,False
AATS7v,mordred,0.3434343434343434,False
AATS8v,mordred,0.3838383838383838,False
AATS0se,mordred,0.010101010101010102,True
AATS1se,mordred,0.04040404040404041,True
AATS2se,mordred,0.09090909090909091,True
AATS3se,mordred,0.13131313131313133,True
AATS4se,mordred,0.1414141414141414,True
AATS5se,mordred,0.20202020202020202,False
AATS6se,mordred,0.26262626262626265,False
AATS7se,mordred,0.3434343434343434,False
AATS8se,mordred,0.3838383838383838,False
AATS0pe,mordred,0.0,True
AATS1pe,mordred,0.030303030303030304,True
AATS2pe,mordred,0.08080808080808081,True
AATS3pe,mordred,0.13131313131313133,True
AATS4pe,mordred,0.1414141414141414,True
AATS5pe,mordred,0.20202020202020202,False
AATS6pe,mordred,0.26262626262626265,False
AATS7pe,mordred,0.3434343434343434,False
AATS8pe,mordred,0.3838383838383838,False
AATS0are,mordred,0.010101010101010102,True
AATS1are,mordred,0.04040404040404041,True
AATS2are,mordred,0.09090909090909091,True
AATS3are,mordred,0.13131313131313133,True
AATS4are,mordred,0.1414141414141414,True
AATS5are,mordred,0.20202020202020202,False
AATS6are,mordred,0.26262626262626265,False
AATS7are,mordred,0.3434343434343434,False
AATS8are,mordred,0.3838383838383838,False
AATS0p,mordred,0.0,True
AATS1p,mordred,0.030303030303030304,True
AATS2p,mordred,0.08080808080808081,True
AATS3p,mordred,0.13131313131313133,True
AATS4p,mordred,0.1414141414141414,True
AATS5p,mordred,0.20202020202020202,False
AATS6p,mordred,0.26262626262626265,False
AATS7p,mordred,0.3434343434343434,False
AATS8p,mordred,0.3838383838383838,False
AATS0i,mordred,0.0,True
AATS1i,mordred,0.030303030303030304,True
AATS2i,mordred,0.08080808080808081,True
AATS3i,mordred,0.13131313131313133,True
AATS4i,mordred,0.1414141414141414,True
AATS5i,mordred,0.20202020202020202,False
AATS6i,mordred,0.26262626262626265,False
AATS7i,mordred,0.3434343434343434,False
AATS8i,mordred,0.3838383838383838,False
ATSC0c,mordred,0.020202020202020204,True
ATSC1c,mordred,0.020202020202020204,True
ATSC2c,mordred,0.020202020202020204,True
ATSC3c,mordred,0.020202020202020204,True
ATSC4c,mordred,0.020202020202020204,True
ATSC5c,mordred,0.020202020202020204,True
ATSC6c,mordred,0.020202020202020204,True
ATSC7c,mordred,0.020202020202020204,True
ATSC8c,mordred,0.020202020202020204,True
ATSC0dv,mordred,0.0,True
ATSC1dv,mordred,0.0,True
ATSC2dv,mordred,0.0,True
ATSC3dv,mordred,0.0,True
ATSC4dv,mordred,0.0,True
ATSC5dv,mordred,0.0,True
ATSC6dv,mordred,0.0,True
ATSC7dv,mordred,0.0,True
ATSC8dv,mordred,0.0,True
ATSC0d,mordred,0.0,True
ATSC1d,mordred,0.0,True
ATSC2d,mordred,0.0,True
ATSC3d,mordred,0.0,True
ATSC4d,mordred,0.0,True
ATSC5d,mordred,0.0,True
ATSC6d,mordred,0.0,True
ATSC7d,mordred,0.0,True
ATSC8d,mordred,0.0,True
ATSC0s,mordred,0.32323232323232326,False
ATSC1s,mordred,0.32323232323232326,False
ATSC2s,mordred,0.32323232323232326,False
ATSC3s,mordred,0.32323232323232326,False
ATSC4s,mordred,0.32323232323232326,False
ATSC5s,mordred,0.32323232323232326,False
ATSC6s,mordred,0.32323232323232326,False
ATSC7s,mordred,0.32323232323232326,False
ATSC8s,mordred,0.32323232323232326,False
ATSC0Z,mordred,0.0,True
ATSC1Z,mordred,0.0,True
ATSC2Z,mordred,0.0,True
ATSC3Z,mordred,0.0,True
ATSC4Z,mordred,0.0,True
ATSC5Z,mordred,0.0,True
ATSC6Z,mordred,0.0,True
ATSC7Z,mordred,0.0,True
ATSC8Z,mordred,0.0,True
ATSC0m,mordred,0.0,True
ATSC1m,mordred,0.0,True
ATSC2m,mordred,0.0,True
ATSC3m,mordred,0.0,True
ATSC4m,mordred,0.0,True
ATSC5m,mordred,0.0,True
ATSC6m,mordred,0.0,True
ATSC7m,mordred,0.0,True
ATSC8m,mordred,0.0,True
ATSC0v,mordred,0.0,True
ATSC1v,mordred,0.0,True
ATSC2v,mordred,0.0,True
ATSC3v,mordred,0.0,True
ATSC4v,mordred,0.0,True
ATSC5v,mordred,0.0,True
ATSC6v,mordred,0.0,True
ATSC7v,mordred,0.0,True
ATSC8v,mordred,0.0,True
ATSC0se,mordred,0.010101010101010102,True
ATSC1se,mordred,0.010101010101010102,True
ATSC2se,mordred,0.010101010101010102,True
ATSC3se,mordred,0.010101010101010102,True
ATSC4se,mordred,0.010101010101010102,True
ATSC5se,mordred,0.010101010101010102,True
ATSC6se,mordred,0.010101010101010102,True
ATSC7se,mordred,0.010101010101010102,True
ATSC8se,mordred,0.010101010101010102,True
ATSC0pe,mordred,0.0,True
ATSC1pe,mordred,0.0,True
ATSC2pe,mordred,0.0,True
ATSC3pe,mordred,0.0,True
ATSC4pe,mordred,0.0,True
ATSC5pe,mordred,0.0,True
ATSC6pe,mordred,0.0,True
ATSC7pe,mordred,0.0,True
ATSC8pe,mordred,0.0,True
ATSC0are,mordred,0.010101010101010102,True
ATSC1are,mordred,0.010101010101010102,True
ATSC2are,mordred,0.010101010101010102,True
ATSC3are,mordred,0.010101010101010102,True
ATSC4are,mordred,0.010101010101010102,True
ATSC5are,mordred,0.010101010101010102,True
ATSC6are,mordred,0.010101010101010102,True
ATSC7are,mordred,0.010101010101010102,True
ATSC8are,mordred,0.010101010101010102,True
ATSC0p,mordred,0.0,True
ATSC1p,mordred,0.0,True
ATSC2p,mordred,0.0,True
ATSC3p,mordred,0.0,True
ATSC4p,mordred,0.0,True
ATSC5p,mordred,0.0,True
ATSC6p,mordred,0.0,True
ATSC7p,mordred,0.0,True
ATSC8p,mordred,0.0,True
ATSC0i,mordred,0.0,True
ATSC1i,mordred,0.0,True
ATSC2i,mordred,0.0,True
ATSC3i,mordred,0.0,True
ATSC4i,mordred,0.0,True
ATSC5i,mordred,0.0,True
ATSC6i,mordred,0.0,True
ATSC7i,mordred,0.0,True
ATSC8i,mordred,0.0,True
AATSC0c,mordred,0.020202020202020204,True
AATSC1c,mordred,0.050505050505050504,True
AATSC2c,mordred,0.10101010101010101,True
AATSC3c,mordred,0.1414141414141414,True
AATSC4c,mordred,0.15151515151515152,True
AATSC5c,mordred,0.21212121212121213,False
AATSC6c,mordred,0.2727272727272727,False
AATSC7c,mordred,0.35353535353535354,False
AATSC8c,mordred,0.3939393939393939,False
AATSC0dv,mordred,0.0,True
AATSC1dv,mordred,0.030303030303030304,True
AATSC2dv,mordred,0.08080808080808081,True
AATSC3dv,mordred,0.13131313131313133,True
AATSC4dv,mordred,0.1414141414141414,True
AATSC5dv,mordred,0.20202020202020202,False
AATSC6dv,mordred,0.26262626262626265,False
AATSC7dv,mordred,0.3434343434343434,False
AATSC8dv,mordred,0.3838383838383838,False
AATSC0d,mordred,0.0,True
AATSC1d,mordred,0.030303030303030304,True
AATSC2d,mordred,0.08080808080808081,True
AATSC3d,mordred,0.13131313131313133,True
AATSC4d,mordred,0.1414141414141414,True
AATSC5d,mordred,0.20202020202020202,False
AATSC6d,mordred,0.26262626262626265,False
AATSC7d,mordred,0.3434343434343434,False
AATSC8d,mordred,0.3838383838383838,False
AATSC0s,mordred,0.32323232323232326,False
AATSC1s,mordred,0.32323232323232326,False
AATSC2s,mordred,0.32323232323232326,False
AATSC3s,mordred,0.3434343434343434,False
AATSC4s,mordred,0.3434343434343434,False
AATSC5s,mordred,0.3838383838383838,False
AATSC6s,mordred,0.43434343434343436,False
AATSC7s,mordred,0.47474747474747475,False
AATSC8s,mordred,0.5151515151515151,False
AATSC0Z,mordred,0.0,True
AATSC1Z,mordred,0.030303030303030304,True
AATSC2Z,mordred,0.08080808080808081,True
AATSC3Z,mordred,0.13131313131313133,True
AATSC4Z,mordred,0.1414141414141414,True
AATSC5Z,mordred,0.20202020202020202,False
AATSC6Z,mordred,0.26262626262626265,False
AATSC7Z,mordred,0.3434343434343434,False
AATSC8Z,mordred,0.3838383838383838,False
AATSC0m,mordred,0.0,True
AATSC1m,mordred,0.030303030303030304,True
AATSC2m,mordred,0.08080808080808081,True
AATSC3m,mordred,0.13131313131313133,True
AATSC4m,mordred,0.1414141414141414,True
AATSC5m,mordred,0.20202020202020202,False
AATSC6m,mordred,0.26262626262626265,False
AATSC7m,mordred,0.3434343434343434,False
AATSC8m,mordred,0.3838383838383838,False
AATSC0v,mordred,0.0,True
AATSC1v,mordred,0.030303030303030304,True
AATSC2v,mordred,0.08080808080808081,True
AATSC3v,mordred,0.13131313131313133,True
AATSC4v,mordred,0.1414141414141414,True
AATSC5v,mordred,0.20202020202020202,False
AATSC6v,mordred,0.26262626262626265,False
AATSC7v,mordred,0.3434343434343434,False
AATSC8v,mordred,0.3838383838383838,False
AATSC0se,mordred,0.010101010101010102,True
AATSC1se,mordred,0.04040404040404041,True
AATSC2se,mordred,0.09090909090909091,True
AATSC3se,mordred,0.13131313131313133,True
AATSC4se,mordred,0.1414141414141414,True
AATSC5se,mordred,0.20202020202020202,False
AATSC6se,mordred,0.26262626262626265,False
AATSC7se,mordred,0.3434343434343434,False
AATSC8se,mordred,0.3838383838383838,False
AATSC0pe,mordred,0.0,True
AATSC1pe,mordred,0.030303030303030304,True
AATSC2pe,mordred,0.08080808080808081,True
AATSC3pe,mordred,0.13131313131313133,True
AATSC4pe,mordred,0.1414141414141414,True
AATSC5pe,mordred,0.20202020202020202,False
AATSC6pe,mordred,0.26262626262626265,False
AATSC7pe,mordred,0.3434343434343434,False
AATSC8pe,mordred,0.3838383838383838,False
AATSC0are,mordred,0.010101010101010102,True
AATSC1are,mordred,0.04040404040404041,True
AATSC2are,mordred,0.09090909090909091,True
AATSC3are,mordred,0.13131313131313133,True
AATSC4are,mordred,0.1414141414141414,True
AATSC5are,mordred,0.20202020202020202,False
AATSC6are,mordred,0.26262626262626265,False
AATSC7are,mordred,0.3434343434343434,False
AATSC8are,mordred,0.3838383838383838,False
AATSC0p,mordred,0.0,True
AATSC1p,mordred,0.030303030303030304,True
AATSC2p,mordred,0.08080808080808081,True
AATSC3p,mordred,0.13131313131313133,True
AATSC4p,mordred,0.1414141414141414,True
AATSC5p,mordred,0.20202020202020202,False
AATSC6p,mordred,0.26262626262626265,False
AATSC7p,mordred,0.3434343434343434,False
AATSC8p,mordred,0.3838383838383838,False
AATSC0i,mordred,0.0,True
AATSC1i,mordred,0.030303030303030304,True
AATSC2i,mordred,0.08080808080808081,True
AATSC3i,mordred,0.13131313131313133,True
AATSC4i,mordred,0.1414141414141414,True
AATSC5i,mordred,0.20202020202020202,False
AATSC6i,mordred,0.26262626262626265,False
AATSC7i,mordred,0.3434343434343434,False
AATSC8i,mordred,0.3838383838383838,False
MATS1c,mordred,0.050505050505050504,True
MATS2c,mordred,0.10101010101010101,True
MATS3c,mordred,0.1414141414141414,True
MATS4c,mordred,0.15151515151515152,True
MATS5c,mordred,0.21212121212121213,False
MATS6c,mordred,0.2727272727272727,False
MATS7c,mordred,0.35353535353535354,False
MATS8c,mordred,0.3939393939393939,False
MATS1dv,mordred,0.030303030303030304,True
MATS2dv,mordred,0.08080808080808081,True
MATS3dv,mordred,0.13131313131313133,True
MATS4dv,mordred,0.1414141414141414,True
MATS5dv,mordred,0.20202020202020202,False
MATS6dv,mordred,0.26262626262626265,False
MATS7dv,mordred,0.3434343434343434,False
MATS8dv,mordred,0.3838383838383838,False
MATS1d,mordred,0.04040404040404041,True
MATS2d,mordred,0.09090909090909091,True
MATS3d,mordred,0.13131313131313133,True
MATS4d,mordred,0.1414141414141414,True
MATS5d,mordred,0.20202020202020202,False
MATS6d,mordred,0.26262626262626265,False
MATS7d,mordred,0.3434343434343434,False
MATS8d,mordred,0.3838383838383838,False
MATS1s,mordred,0.32323232323232326,False
MATS2s,mordred,0.32323232323232326,False
MATS3s,mordred,0.3434343434343434,False
MATS4s,mordred,0.3434343434343434,False
MATS5s,mordred,0.3838383838383838,False
MATS6s,mordred,0.43434343434343436,False
MATS7s,mordred,0.47474747474747475,False
MATS8s,mordred,0.5151515151515151,False
MATS1Z,mordred,0.030303030303030304,True
MATS2Z,mordred,0.08080808080808081,True
MATS3Z,mordred,0.13131313131313133,True
MATS4Z,mordred,0.1414141414141414,True
MATS5Z,mordred,0.20202020202020202,False
MATS6Z,mordred,0.26262626262626265,False
MATS7Z,mordred,0.3434343434343434,False
MATS8Z,mordred,0.3838383838383838,False
MATS1m,mordred,0.030303030303030304,True
MATS2m,mordred,0.08080808080808081,True
MATS3m,mordred,0.13131313131313133,True
MATS4m,mordred,0.1414141414141414,True
MATS5m,mordred,0.20202020202020202,False
MATS6m,mordred,0.26262626262626265,False
MATS7m,mordred,0.3434343434343434,False
MATS8m,mordred,0.3838383838383838,False
MATS1v,mordred,0.030303030303030304,True
MATS2v,mordred,0.08080808080808081,True
MATS3v,mordred,0.13131313131313133,True
MATS4v,mordred,0.1414141414141414,True
MATS5v,mordred,0.20202020202020202,False
MATS6v,mordred,0.26262626262626265,False
MATS7v,mordred,0.3434343434343434,False
MATS8v,mordred,0.3838383838383838,False
MATS1se,mordred,0.04040404040404041,True
MATS2se,mordred,0.09090909090909091,True
MATS3se,mordred,0.13131313131313133,True
MATS4se,mordred,0.1414141414141414,True
MATS5se,mordred,0.20202020202020202,False
MATS6se,mordred,0.26262626262626265,False
MATS7se,mordred,0.3434343434343434,False
MATS8se,mordred,0.3838383838383838,False
MATS1pe,mordred,0.030303030303030304,True
MATS2pe,mordred,0.08080808080808081,True
MATS3pe,mordred,0.13131313131313133,True
MATS4pe,mordred,0.1414141414141414,True
MATS5pe,mordred,0.20202020202020202,False
MATS6pe,mordred,0.26262626262626265,False
MATS7pe,mordred,0.3434343434343434,False
MATS8pe,mordred,0.3838383838383838,False
MATS1are,mordred,0.04040404040404041,True
MATS2are,mordred,0.09090909090909091,True
MATS3are,mordred,0.13131313131313133,True
MATS4are,mordred,0.1414141414141414,True
MATS5are,mordred,0.20202020202020202,False
MATS6are,mordred,0.26262626262626265,False
MATS7are,mordred,0.3434343434343434,False
MATS8are,mordred,0.3838383838383838,False
MATS1p,mordred,0.030303030303030304,True
MATS2p,mordred,0.08080808080808081,True
MATS3p,mordred,0.13131313131313133,True
MATS4p,mordred,0.1414141414141414,True
MATS5p,mordred,0.20202020202020202,False
MATS6p,mordred,0.26262626262626265,False
MATS7p,mordred,0.3434343434343434,False
MATS8p,mordred,0.3838383838383838,False
MATS1i,mordred,0.030303030303030304,True
MATS2i,mordred,0.08080808080808081,True
MATS3i,mordred,0.13131313131313133,True
MATS4i,mordred,0.1414141414141414,True
MATS5i,mordred,0.20202020202020202,False
MATS6i,mordred,0.26262626262626265,False
MATS7i,mordred,0.3434343434343434,False
MATS8i,mordred,0.3838383838383838,False
GATS1c,mordred,0.050505050505050504,True
GATS2c,mordred,0.10101010101010101,True
GATS3c,mordred,0.1414141414141414,True
GATS4c,mordred,0.15151515151515152,True
GATS5c,mordred,0.21212121212121213,False
GATS6c,mordred,0.2727272727272727,False
GATS7c,mordred,0.35353535353535354,False
GATS8c,mordred,0.3939393939393939,False
GATS1dv,mordred,0.030303030303030304,True
GATS2dv,mordred,0.08080808080808081,True
GATS3dv,mordred,0.13131313131313133,True
GATS4dv,mordred,0.1414141414141414,True
GATS5dv,mordred,0.20202020202020202,False
GATS6dv,mordred,0.26262626262626265,False
GATS7dv,mordred,0.3434343434343434,False
GATS8dv,mordred,0.3838383838383838,False
GATS1d,mordred,0.04040404040404041,True
GATS2d,mordred,0.09090909090909091,True
GATS3d,mordred,0.13131313131313133,True
GATS4d,mordred,0.1414141414141414,True
GATS5d,mordred,0.20202020202020202,False
GATS6d,mordred,0.26262626262626265,False
GATS7d,mordred,0.3434343434343434,False
GATS8d,mordred,0.3838383838383838,False
GATS1s,mordred,0.32323232323232326,False
GATS2s,mordred,0.32323232323232326,False
GATS3s,mordred,0.3434343434343434,False
GATS4s,mordred,0.3434343434343434,False
GATS5s,mordred,0.3838383838383838,False
GATS6s,mordred,0.43434343434343436,False
GATS7s,mordred,0.47474747474747475,False
GATS8s,mordred,0.5151515151515151,False
GATS1Z,mordred,0.030303030303030304,True
GATS2Z,mordred,0.08080808080808081,True
GATS3Z,mordred,0.13131313131313133,True
GATS4Z,mordred,0.1414141414141414,True
GATS5Z,mordred,0.20202020202020202,False
GATS6Z,mordred,0.26262626262626265,False
GATS7Z,mordred,0.3434343434343434,False
GATS8Z,mordred,0.3838383838383838,False
GATS1m,mordred,0.030303030303030304,True
GATS2m,mordred,0.08080808080808081,True
GATS3m,mordred,0.13131313131313133,True
GATS4m,mordred,0.1414141414141414,True
GATS5m,mordred,0.20202020202020202,False
GATS6m,mordred,0.26262626262626265,False
GATS7m,mordred,0.3434343434343434,False
GATS8m,mordred,0.3838383838383838,False
GATS1v,mordred,0.030303030303030304,True
GATS2v,mordred,0.08080808080808081,True
GATS3v,mordred,0.13131313131313133,True
GATS4v,mordred,0.1414141414141414,True
GATS5v,mordred,0.20202020202020202,False
GATS6v,mordred,0.26262626262626265,False
GATS7v,mordred,0.3434343434343434,False
GATS8v,mordred,0.3838383838383838,False
GATS1se,mordred,0.04040404040404041,True
GATS2se,mordred,0.09090909090909091,True
GATS3se,mordred,0.13131313131313133,True
GATS4se,mordred,0.1414141414141414,True
GATS5se,mordred,0.20202020202020202,False
GATS6se,mordred,0.26262626262626265,False
GATS7se,mordred,0.3434343434343434,False
GATS8se,mordred,0.3838383838383838,False
GATS1pe,mordred,0.030303030303030304,True
GATS2pe,mordred,0.08080808080808081,True
GATS3pe,mordred,0.13131313131313133,True
GATS4pe,mordred,0.1414141414141414,True
GATS5pe,mordred,0.20202020202020202,False
GATS6pe,mordred,0.26262626262626265,False
GATS7pe,mordred,0.3434343434343434,False
GATS8pe,mordred,0.3838383838383838,False
GATS1are,mordred,0.04040404040404041,True
GATS2are,mordred,0.09090909090909091,True
GATS3are,mordred,0.13131313131313133,True
GATS4are,mordred,0.1414141414141414,True
GATS5are,mordred,0.20202020202020202,False
GATS6are,mordred,0.26262626262626265,False
GATS7are,mordred,0.3434343434343434,False
GATS8are,mordred,0.3838383838383838,False
GATS1p,mordred,0.030303030303030304,True
GATS2p,mordred,0.08080808080808081,True
GATS3p,mordred,0.13131313131313133,True
GATS4p,mordred,0.1414141414141414,True
GATS5p,mordred,0.20202020202020202,False
GATS6p,mordred,0.26262626262626265,False
GATS7p,mordred,0.3434343434343434,False
GATS8p,mordred,0.3838383838383838,False
GATS1i,mordred,0.030303030303030304,True
GATS2i,mordred,0.08080808080808081,True
GATS3i,mordred,0.13131313131313133,True
GATS4i,mordred,0.1414141414141414,True
GATS5i,mordred,0.20202020202020202,False
GATS6i,mordred,0.26262626262626265,False
GATS7i,mordred,0.3434343434343434,False
GATS8i,mordred,0.3838383838383838,False
BCUTc-1h,mordred,0.3333333333333333,False
BCUTc-1l,mordred,0.3333333333333333,False
BCUTdv-1h,mordred,0.32323232323232326,False
BCUTdv-1l,mordred,0.32323232323232326,False
BCUTd-1h,mordred,0.32323232323232326,False
BCUTd-1l,mordred,0.32323232323232326,False
BCUTs-1h,mordred,0.3333333333333333,False
BCUTs-1l,mordred,0.3333333333333333,False
BCUTZ-1h,mordred,0.32323232323232326,False
BCUTZ-1l,mordred,0.32323232323232326,False
BCUTm-1h,mordred,0.32323232323232326,False
BCUTm-1l,mordred,0.32323232323232326,False
BCUTv-1h,mordred,0.32323232323232326,False
BCUTv-1l,mordred,0.32323232323232326,False
BCUTse-1h,mordred,0.32323232323232326,False
BCUTse-1l,mordred,0.32323232323232326,False
BCUTpe-1h,mordred,0.32323232323232326,False
BCUTpe-1l,mordred,0.32323232323232326,False
BCUTare-1h,mordred,0.32323232323232326,False
BCUTare-1l,mordred,0.32323232323232326,False
BCUTp-1h,mordred,0.32323232323232326,False
BCUTp-1l,mordred,0.32323232323232326,False
BCUTi-1h,mordred,0.32323232323232326,False
BCUTi-1l,mordred,0.32323232323232326,False
BalabanJ,mordred,0.0,True
SpAbs_DzZ,mordred,0.32323232323232326,False
SpMax_DzZ,mordred,0.32323232323232326,False
SpDiam_DzZ,mordred,0.32323232323232326,False
SpAD_DzZ,mordred,0.32323232323232326,False
SpMAD_DzZ,mordred,0.32323232323232326,False
LogEE_DzZ,mordred,0.32323232323232326,False
SM1_DzZ,mordred,0.32323232323232326,False
VE1_DzZ,mordred,0.32323232323232326,False
VE2_DzZ,mordred,0.32323232323232326,False
VE3_DzZ,mordred,0.32323232323232326,False
VR1_DzZ,mordred,0.32323232323232326,False
VR2_DzZ,mordred,0.32323232323232326,False
VR3_DzZ,mordred,0.3333333333333333,False
SpAbs_Dzm,mordred,0.32323232323232326,False
SpMax_Dzm,mordred,0.32323232323232326,False
SpDiam_Dzm,mordred,0.32323232323232326,False
SpAD_Dzm,mordred,0.32323232323232326,False
SpMAD_Dzm,mordred,0.32323232323232326,False
LogEE_Dzm,mordred,0.32323232323232326,False
SM1_Dzm,mordred,0.32323232323232326,False
VE1_Dzm,mordred,0.32323232323232326,False
VE2_Dzm,mordred,0.32323232323232326,False
VE3_Dzm,mordred,0.32323232323232326,False
VR1_Dzm,mordred,0.32323232323232326,False
VR2_Dzm,mordred,0.32323232323232326,False
VR3_Dzm,mordred,0.3333333333333333,False
SpAbs_Dzv,mordred,0.32323232323232326,False
SpMax_Dzv,mordred,0.32323232323232326,False
SpDiam_Dzv,mordred,0.32323232323232326,False
SpAD_Dzv,mordred,0.32323232323232326,False
SpMAD_Dzv,mordred,0.32323232323232326,False
LogEE_Dzv,mordred,0.32323232323232326,False
SM1_Dzv,mordred,0.32323232323232326,False
VE1_Dzv,mordred,0.32323232323232326,False
VE2_Dzv,mordred,0.32323232323232326,False
VE3_Dzv,mordred,0.32323232323232326,False
VR1_Dzv,mordred,0.32323232323232326,False
VR2_Dzv,mordred,0.32323232323232326,False
VR3_Dzv,mordred,0.3333333333333333,False
SpAbs_Dzse,mordred,0.32323232323232326,False
SpMax_Dzse,mordred,0.32323232323232326,False
SpDiam_Dzse,mordred,0.32323232323232326,False
SpAD_Dzse,mordred,0.32323232323232326,False
SpMAD_Dzse,mordred,0.32323232323232326,False
LogEE_Dzse,mordred,0.32323232323232326,False
SM1_Dzse,mordred,0.32323232323232326,False
VE1_Dzse,mordred,0.32323232323232326,False
VE2_Dzse,mordred,0.32323232323232326,False
VE3_Dzse,mordred,0.32323232323232326,False
VR1_Dzse,mordred,0.32323232323232326,False
VR2_Dzse,mordred,0.32323232323232326,False
VR3_Dzse,mordred,0.3333333333333333,False
SpAbs_Dzpe,mordred,0.32323232323232326,False
SpMax_Dzpe,mordred,0.32323232323232326,False
SpDiam_Dzpe,mordred,0.32323232323232326,False
SpAD_Dzpe,mordred,0.32323232323232326,False
SpMAD_Dzpe,mordred,0.32323232323232326,False
LogEE_Dzpe,mordred,0.32323232323232326,False
SM1_Dzpe,mordred,0.32323232323232326,False
VE1_Dzpe,mordred,0.32323232323232326,False
VE2_Dzpe,mordred,0.32323232323232326,False
VE3_Dzpe,mordred,0.32323232323232326,False
VR1_Dzpe,mordred,0.32323232323232326,False
VR2_Dzpe,mordred,0.32323232323232326,False
VR3_Dzpe,mordred,0.3333333333333333,False
SpAbs_Dzare,mordred,0.32323232323232326,False
SpMax_Dzare,mordred,0.32323232323232326,False
SpDiam_Dzare,mordred,0.32323232323232326,False
SpAD_Dzare,mordred,0.32323232323232326,False
SpMAD_Dzare,mordred,0.32323232323232326,False
LogEE_Dzare,mordred,0.32323232323232326,False
SM1_Dzare,mordred,0.32323232323232326,False
VE1_Dzare,mordred,0.32323232323232326,False
VE2_Dzare,mordred,0.32323232323232326,False
VE3_Dzare,mordred,0.32323232323232326,False
VR1_Dzare,mordred,0.32323232323232326,False
VR2_Dzare,mordred,0.32323232323232326,False
VR3_Dzare,mordred,0.3333333333333333,False
SpAbs_Dzp,mordred,0.32323232323232326,False
SpMax_Dzp,mordred,0.32323232323232326,False
SpDiam_Dzp,mordred,0.32323232323232326,False
SpAD_Dzp,mordred,0.32323232323232326,False
SpMAD_Dzp,mordred,0.32323232323232326,False
LogEE_Dzp,mordred,0.32323232323232326,False
SM1_Dzp,mordred,0.32323232323232326,False
VE1_Dzp,mordred,0.32323232323232326,False
VE2_Dzp,mordred,0.32323232323232326,False
VE3_Dzp,mordred,0.32323232323232326,False
VR1_Dzp,mordred,0.32323232323232326,False
VR2_Dzp,mordred,0.32323232323232326,False
VR3_Dzp,mordred,0.3333333333333333,False
SpAbs_Dzi,mordred,0.32323232323232326,False
SpMax_Dzi,mordred,0.32323232323232326,False
SpDiam_Dzi,mordred,0.32323232323232326,False
SpAD_Dzi,mordred,0.32323232323232326,False
SpMAD_Dzi,mordred,0.32323232323232326,False
LogEE_Dzi,mordred,0.32323232323232326,False
SM1_Dzi,mordred,0.32323232323232326,False
VE1_Dzi,mordred,0.32323232323232326,False
VE2_Dzi,mordred,0.32323232323232326,False
VE3_Dzi,mordred,0.32323232323232326,False
VR1_Dzi,mordred,0.32323232323232326,False
VR2_Dzi,mordred,0.32323232323232326,False
VR3_Dzi,mordred,0.3333333333333333,False
BertzCT,mordred,0.0,True
nBonds,mordred,0.0,True
nBondsO,mordred,0.0,True
nBondsS,mordred,0.0,True
nBondsD,mordred,0.0,True
nBondsT,mordred,0.0,True
nBondsA,mordred,0.0,True
nBondsM,mordred,0.0,True
nBondsKS,mordred,0.0,True
nBondsKD,mordred,0.0,True
RNCG,mordred,0.020202020202020204,True
RPCG,mordred,0.020202020202020204,True
C1SP1,mordred,0.0,True
C2SP1,mordred,0.0,True
C1SP2,mordred,0.0,True
C2SP2,mordred,0.0,True
C3SP2,mordred,0.0,True
C1SP3,mordred,0.0,True
C2SP3,mordred,0.0,True
C3SP3,mordred,0.0,True
C4SP3,mordred,0.0,True
HybRatio,mordred,0.1414141414141414,True
FCSP3,mordred,0.0,True
Xch-3d,mordred,0.0,True
Xch-4d,mordred,0.0,True
Xch-5d,mordred,0.0,True
Xch-6d,mordred,0.0,True
Xch-7d,mordred,0.0,True
Xch-3dv,mordred,0.0,True
Xch-4dv,mordred,0.0,True
Xch-5dv,mordred,0.0,True
Xch-6dv,mordred,0.0,True
Xch-7dv,mordred,0.0,True
Xc-3d,mordred,0.0,True
Xc-4d,mordred,0.0,True
Xc-5d,mordred,0.0,True
Xc-6d,mordred,0.0,True
Xc-3dv,mordred,0.0,True
Xc-4dv,mordred,0.0,True
Xc-5dv,mordred,0.0,True
Xc-6dv,mordred,0.0,True
Xpc-4d,mordred,0.0,True
Xpc-5d,mordred,0.0,True
Xpc-6d,mordred,0.0,True
Xpc-4dv,mordred,0.0,True
Xpc-5dv,mordred,0.0,True
Xpc-6dv,mordred,0.0,True
Xp-0d,mordred,0.32323232323232326,False
Xp-1d,mordred,0.0,True
Xp-2d,mordred,0.0,True
Xp-3d,mordred,0.0,True
Xp-4d,mordred,0.0,True
Xp-5d,mordred,0.0,True
Xp-6d,mordred,0.0,True
Xp-7d,mordred,0.0,True
AXp-0d,mordred,0.32323232323232326,False
AXp-1d,mordred,0.0707070707070707,True
AXp-2d,mordred,0.09090909090909091,True
AXp-3d,mordred,0.1919191919191919,True
AXp-4d,mordred,0.23232323232323232,False
AXp-5d,mordred,0.25252525252525254,False
AXp-6d,mordred,0.2828282828282828,False
AXp-7d,mordred,0.3434343434343434,False
Xp-0dv,mordred,0.25252525252525254,False
Xp-1dv,mordred,0.0,True
Xp-2dv,mordred,0.0,True
Xp-3dv,mordred,0.0,True
Xp-4dv,mordred,0.0,True
Xp-5dv,mordred,0.0,True
Xp-6dv,mordred,0.0,True
Xp-7dv,mordred,0.0,True
AXp-0dv,mordred,0.25252525252525254,False
AXp-1dv,mordred,0.0707070707070707,True
AXp-2dv,mordred,0.09090909090909091,True
AXp-3dv,mordred,0.1919191919191919,True
AXp-4dv,mordred,0.23232323232323232,False
AXp-5dv,mordred,0.25252525252525254,False
AXp-6dv,mordred,0.2828282828282828,False
AXp-7dv,mordred,0.3434343434343434,False
SZ,mordred,0.0,True
Sm,mordred,0.0,True
Sv,mordred,0.0,True
Sse,mordred,0.010101010101010102,True
Spe,mordred,0.0,True
Sare,mordred,0.010101010101010102,True
Sp,mordred,0.0,True
Si,mordred,0.0,True
MZ,mordred,0.0,True
Mm,mordred,0.0,True
Mv,mordred,0.0,True
Mse,mordred,0.010101010101010102,True
Mpe,mordred,0.0,True
Mare,mordred,0.010101010101010102,True
Mp,mordred,0.0,True
Mi,mordred,0.0,True
SpAbs_Dt,mordred,1.0,False
SpMax_Dt,mordred,1.0,False
SpDiam_Dt,mordred,1.0,False
SpAD_Dt,mordred,1.0,False
SpMAD_Dt,mordred,1.0,False
LogEE_Dt,mordred,1.0,False
SM1_Dt,mordred,1.0,False
VE1_Dt,mordred,1.0,False
VE2_Dt,mordred,1.0,False
VE3_Dt,mordred,1.0,False
VR1_Dt,mordred,1.0,False
VR2_Dt,mordred,1.0,False
VR3_Dt,mordred,1.0,False
DetourIndex,mordred,1.0,False
SpAbs_D,mordred,0.32323232323232326,False
SpMax_D,mordred,0.32323232323232326,False
SpDiam_D,mordred,0.32323232323232326,False
SpAD_D,mordred,0.32323232323232326,False
SpMAD_D,mordred,0.32323232323232326,False
LogEE_D,mordred,0.32323232323232326,False
VE1_D,mordred,0.32323232323232326,False
VE2_D,mordred,0.32323232323232326,False
VE3_D,mordred,0.32323232323232326,False
VR1_D,mordred,0.32323232323232326,False
VR2_D,mordred,0.32323232323232326,False
VR3_D,mordred,0.3333333333333333,False
NsLi,mordred,0.0,True
NssBe,mordred,0.0,True
NssssBe,mordred,0.0,True
NssBH,mordred,0.0,True
NsssB,mordred,0.0,True
NssssB,mordred,0.0,True
NsCH3,mordred,0.0,True
NdCH2,mordred,0.0,True
NssCH2,mordred,0.0,True
NtCH,mordred,0.0,True
NdsCH,mordred,0.0,True
NaaCH,mordred,0.0,True
NsssCH,mordred,0.0,True
NddC,mordred,0.0,True
NtsC,mordred,0.0,True
NdssC,mordred,0.0,True
NaasC,mordred,0.0,True
NaaaC,mordred,0.0,True
NssssC,mordred,0.0,True
NsNH3,mordred,0.0,True
NsNH2,mordred,0.0,True
NssNH2,mordred,0.0,True
NdNH,mordred,0.0,True
NssNH,mordred,0.0,True
NaaNH,mordred,0.0,True
NtN,mordred,0.0,True
NsssNH,mordred,0.0,True
NdsN,mordred,0.0,True
NaaN,mordred,0.0,True
NsssN,mordred,0.0,True
NddsN,mordred,0.0,True
NaasN,mordred,0.0,True
NssssN,mordred,0.0,True
NsOH,mordred,0.0,True
NdO,mordred,0.0,True
NssO,mordred,0.0,True
NaaO,mordred,0.0,True
NsF,mordred,0.0,True
NsSiH3,mordred,0.0,True
NssSiH2,mordred,0.0,True
NsssSiH,mordred,0.0,True
NssssSi,mordred,0.0,True
NsPH2,mordred,0.0,True
NssPH,mordred,0.0,True
NsssP,mordred,0.0,True
NdsssP,mordred,0.0,True
NsssssP,mordred,0.0,True
NsSH,mordred,0.0,True
NdS,mordred,0.0,True
NssS,mordred,0.0,True
NaaS,mordred,0.0,True
NdssS,mordred,0.0,True
NddssS,mordred,0.0,True
NsCl,mordred,0.0,True
NsGeH3,mordred,0.0,True
NssGeH2,mordred,0.0,True
NsssGeH,mordred,0.0,True
NssssGe,mordred,0.0,True
NsAsH2,mordred,0.0,True
NssAsH,mordred,0.0,True
NsssAs,mordred,0.0,True
NsssdAs,mordred,0.0,True
NsssssAs,mordred,0.0,True
NsSeH,mordred,0.0,True
NdSe,mordred,0.0,True
NssSe,mordred,0.0,True
NaaSe,mordred,0.0,True
NdssSe,mordred,0.0,True
NddssSe,mordred,0.0,True
NsBr,mordred,0.0,True
NsSnH3,mordred,0.0,True
NssSnH2,mordred,0.0,True
NsssSnH,mordred,0.0,True
NssssSn,mordred,0.0,True
NsI,mordred,0.0,True
NsPbH3,mordred,0.0,True
NssPbH2,mordred,0.0,True
NsssPbH,mordred,0.0,True
NssssPb,mordred,0.0,True
SsLi,mordred,0.0,True
SssBe,mordred,0.0,True
SssssBe,mordred,0.0,True
SssBH,mordred,0.0,True
SsssB,mordred,0.0,True
SssssB,mordred,0.0,True
SsCH3,mordred,0.0,True
SdCH2,mordred,0.0,True
SssCH2,mordred,0.0,True
StCH,mordred,0.0,True
SdsCH,mordred,0.0,True
SaaCH,mordred,0.0,True
SsssCH,mordred,0.0,True
SddC,mordred,0.0,True
StsC,mordred,0.0,True
SdssC,mordred,0.0,True
SaasC,mordred,0.0,True
SaaaC,mordred,0.0,True
SssssC,mordred,0.0,True
SsNH3,mordred,0.0,True
SsNH2,mordred,0.0,True
SssNH2,mordred,0.0,True
SdNH,mordred,0.0,True
SssNH,mordred,0.0,True
SaaNH,mordred,0.0,True
StN,mordred,0.0,True
SsssNH,mordred,0.0,True
SdsN,mordred,0.0,True
SaaN,mordred,0.0,True
SsssN,mordred,0.0,True
SddsN,mordred,0.0,True
SaasN,mordred,0.0,True
SssssN,mordred,0.0,True
SsOH,mordred,0.0,True
SdO,mordred,0.0,True
SssO,mordred,0.0,True
SaaO,mordred,0.0,True
SsF,mordred,0.0,True
SsSiH3,mordred,0.0,True
SssSiH2,mordred,0.0,True
SsssSiH,mordred,0.0,True
SssssSi,mordred,0.0,True
SsPH2,mordred,0.0,True
SssPH,mordred,0.0,True
SsssP,mordred,0.0,True
SdsssP,mordred,0.0,True
SsssssP,mordred,0.0,True
SsSH,mordred,0.0,True
SdS,mordred,0.0,True
SssS,mordred,0.0,True
SaaS,mordred,0.0,True
SdssS,mordred,0.0,True
SddssS,mordred,0.0,True
SsCl,mordred,0.0,True
SsGeH3,mordred,0.0,True
SssGeH2,mordred,0.0,True
SsssGeH,mordred,0.0,True
SssssGe,mordred,0.0,True
SsAsH2,mordred,0.0,True
SssAsH,mordred,0.0,True
SsssAs,mordred,0.0,True
SsssdAs,mordred,0.0,True
SsssssAs,mordred,0.0,True
SsSeH,mordred,0.0,True
SdSe,mordred,0.0,True
SssSe,mordred,0.0,True
SaaSe,mordred,0.0,True
SdssSe,mordred,0.0,True
SddssSe,mordred,0.0,True
SsBr,mordred,0.0,True
SsSnH3,mordred,0.0,True
SssSnH2,mordred,0.0,True
SsssSnH,mordred,0.0,True
SssssSn,mordred,0.0,True
SsI,mordred,0.0,True
SsPbH3,mordred,0.0,True
SssPbH2,mordred,0.0,True
SsssPbH,mordred,0.0,True
SssssPb,mordred,0.0,True
MAXsLi,mordred,1.0,False
MAXssBe,mordred,1.0,False
MAXssssBe,mordred,1.0,False
MAXssBH,mordred,1.0,False
MAXsssB,mordred,0.98989898989899,False
MAXssssB,mordred,1.0,False
MAXsCH3,mordred,0.48484848484848486,False
MAXdCH2,mordred,0.9797979797979798,False
MAXssCH2,mordred,0.42424242424242425,False
MAXtCH,mordred,0.9797979797979798,False
MAXdsCH,mordred,0.8585858585858586,False
MAXaaCH,mordred,0.5353535353535354,False
MAXsssCH,mordred,0.6464646464646465,False
MAXddC,mordred,1.0,False
MAXtsC,mordred,0.9797979797979798,False
MAXdssC,mordred,0.45454545454545453,False
MAXaasC,mordred,0.5353535353535354,False
MAXaaaC,mordred,0.8686868686868687,False
MAXssssC,mordred,0.8282828282828283,False
MAXsNH3,mordred,1.0,False
MAXsNH2,mordred,0.898989898989899,False
MAXssNH2,mordred,0.98989898989899,False
MAXdNH,mordred,0.98989898989899,False
MAXssNH,mordred,0.8686868686868687,False
MAXaaNH,mordred,0.9595959595959596,False
MAXtN,mordred,1.0,False
MAXsssNH,mordred,0.9797979797979798,False
MAXdsN,mordred,0.9393939393939394,False
MAXaaN,mordred,0.8888888888888888,False
MAXsssN,mordred,0.8484848484848485,False
MAXddsN,mordred,0.9797979797979798,False
MAXaasN,mordred,0.9191919191919192,False
MAXssssN,mordred,0.98989898989899,False
MAXsOH,mordred,0.5858585858585859,False
MAXdO,mordred,0.3434343434343434,False
MAXssO,mordred,0.6161616161616161,False
MAXaaO,mordred,0.9797979797979798,False
MAXsF,mordred,0.9090909090909091,False
MAXsSiH3,mordred,1.0,False
MAXssSiH2,mordred,1.0,False
MAXsssSiH,mordred,1.0,False
MAXssssSi,mordred,1.0,False
MAXsPH2,mordred,1.0,False
MAXssPH,mordred,1.0,False
MAXsssP,mordred,1.0,False
MAXdsssP,mordred,0.98989898989899,False
MAXsssssP,mordred,1.0,False
MAXsSH,mordred,0.98989898989899,False
MAXdS,mordred,0.9797979797979798,False
MAXssS,mordred,0.9696969696969697,False
MAXaaS,mordred,0.9595959595959596,False
MAXdssS,mordred,0.98989898989899,False
MAXddssS,mordred,0.8888888888888888,False
MAXsCl,mordred,0.8888888888888888,False
MAXsGeH3,mordred,1.0,False
MAXssGeH2,mordred,1.0,False
MAXsssGeH,mordred,1.0,False
MAXssssGe,mordred,1.0,False
MAXsAsH2,mordred,1.0,False
MAXssAsH,mordred,1.0,False
MAXsssAs,mordred,1.0,False
MAXsssdAs,mordred,1.0,False
MAXsssssAs,mordred,1.0,False
MAXsSeH,mordred,1.0,False
MAXdSe,mordred,1.0,False
MAXssSe,mordred,0.98989898989899,False
MAXaaSe,mordred,1.0,False
MAXdssSe,mordred,1.0,False
MAXddssSe,mordred,1.0,False
MAXsBr,mordred,0.9494949494949495,False
MAXsSnH3,mordred,1.0,False
MAXssSnH2,mordred,1.0,False
MAXsssSnH,mordred,1.0,False
MAXssssSn,mordred,1.0,False
MAXsI,mordred,0.9797979797979798,False
MAXsPbH3,mordred,1.0,False
MAXssPbH2,mordred,1.0,False
MAXsssPbH,mordred,1.0,False
MAXssssPb,mordred,1.0,False
MINsLi,mordred,1.0,False
MINssBe,mordred,1.0,False
MINssssBe,mordred,1.0,False
MINssBH,mordred,1.0,False
MINsssB,mordred,0.98989898989899,False
MINssssB,mordred,1.0,False
MINsCH3,mordred,0.48484848484848486,False
MINdCH2,mordred,0.9797979797979798,False
MINssCH2,mordred,0.42424242424242425,False
MINtCH,mordred,0.9797979797979798,False
MINdsCH,mordred,0.8585858585858586,False
MINaaCH,mordred,0.5353535353535354,False
MINsssCH,mordred,0.6464646464646465,False
MINddC,mordred,1.0,False
MINtsC,mordred,0.9797979797979798,False
MINdssC,mordred,0.45454545454545453,False
MINaasC,mordred,0.5353535353535354,False
MINaaaC,mordred,0.8686868686868687,False
MINssssC,mordred,0.8282828282828283,False
MINsNH3,mordred,1.0,False
MINsNH2,mordred,0.898989898989899,False
MINssNH2,mordred,0.98989898989899,False
MINdNH,mordred,0.98989898989899,False
MINssNH,mordred,0.8686868686868687,False
MINaaNH,mordred,0.9595959595959596,False
MINtN,mordred,1.0,False
MINsssNH,mordred,0.9797979797979798,False
MINdsN,mordred,0.9393939393939394,False
MINaaN,mordred,0.8888888888888888,False
MINsssN,mordred,0.8484848484848485,False
MINddsN,mordred,0.9797979797979798,False
MINaasN,mordred,0.9191919191919192,False
MINssssN,mordred,0.98989898989899,False
MINsOH,mordred,0.5858585858585859,False
MINdO,mordred,0.3434343434343434,False
MINssO,mordred,0.6161616161616161,False
MINaaO,mordred,0.9797979797979798,False
MINsF,mordred,0.9090909090909091,False
MINsSiH3,mordred,1.0,False
MINssSiH2,mordred,1.0,False
MINsssSiH,mordred,1.0,False
MINssssSi,mordred,1.0,False
MINsPH2,mordred,1.0,False
MINssPH,mordred,1.0,False
MINsssP,mordred,1.0,False
MINdsssP,mordred,0.98989898989899,False
MINsssssP,mordred,1.0,False
MINsSH,mordred,0.98989898989899,False
MINdS,mordred,0.9797979797979798,False
MINssS,mordred,0.9696969696969697,False
MINaaS,mordred,0.9595959595959596,False
MINdssS,mordred,0.98989898989899,False
MINddssS,mordred,0.8888888888888888,False
MINsCl,mordred,0.8888888888888888,False
MINsGeH3,mordred,1.0,False
MINssGeH2,mordred,1.0,False
MINsssGeH,mordred,1.0,False
MINssssGe,mordred,1.0,False
MINsAsH2,mordred,1.0,False
MINssAsH,mordred,1.0,False
MINsssAs,mordred,1.0,False
MINsssdAs,mordred,1.0,False
MINsssssAs,mordred,1.0,False
MINsSeH,mordred,1.0,False
MINdSe,mordred,1.0,False
MINssSe,mordred,0.98989898989899,False
MINaaSe,mordred,1.0,False
MINdssSe,mordred,1.0,False
MINddssSe,mordred,1.0,False
MINsBr,mordred,0.9494949494949495,False
MINsSnH3,mordred,1.0,False
MINssSnH2,mordred,1.0,False
MINsssSnH,mordred,1.0,False
MINssssSn,mordred,1.0,False
MINsI,mordred,0.9797979797979798,False
MINsPbH3,mordred,1.0,False
MINssPbH2,mordred,1.0,False
MINsssPbH,mordred,1.0,False
MINssssPb,mordred,1.0,False
ECIndex,mordred,0.0,True
ETA_alpha,mordred,0.32323232323232326,False
AETA_alpha,mordred,0.32323232323232326,False
ETA_shape_p,mordred,0.32323232323232326,False
ETA_shape_y,mordred,0.32323232323232326,False
ETA_shape_x,mordred,0.32323232323232326,False
ETA_beta,mordred,0.32323232323232326,False
AETA_beta,mordred,0.32323232323232326,False
ETA_beta_s,mordred,0.32323232323232326,False
AETA_beta_s,mordred,0.32323232323232326,False
ETA_beta_ns,mordred,0.32323232323232326,False
AETA_beta_ns,mordred,0.32323232323232326,False
ETA_beta_ns_d,mordred,0.32323232323232326,False
AETA_beta_ns_d,mordred,0.32323232323232326,False
ETA_eta,mordred,0.32323232323232326,False
AETA_eta,mordred,0.32323232323232326,False
ETA_eta_L,mordred,0.32323232323232326,False
AETA_eta_L,mordred,0.32323232323232326,False
ETA_eta_R,mordred,0.32323232323232326,False
AETA_eta_R,mordred,0.32323232323232326,False
ETA_eta_RL,mordred,0.32323232323232326,False
AETA_eta_RL,mordred,0.32323232323232326,False
ETA_eta_F,mordred,0.32323232323232326,False
AETA_eta_F,mordred,0.32323232323232326,False
ETA_eta_FL,mordred,0.32323232323232326,False
AETA_eta_FL,mordred,0.32323232323232326,False
ETA_eta_B,mordred,0.3333333333333333,False
AETA_eta_B,mordred,0.3333333333333333,False
ETA_eta_BR,mordred,0.3333333333333333,False
AETA_eta_BR,mordred,0.3333333333333333,False
ETA_dAlpha_A,mordred,0.32323232323232326,False
ETA_dAlpha_B,mordred,0.32323232323232326,False
ETA_epsilon_1,mordred,0.32323232323232326,False
ETA_epsilon_2,mordred,0.32323232323232326,False
ETA_epsilon_3,mordred,0.32323232323232326,False
ETA_epsilon_4,mordred,0.32323232323232326,False
ETA_epsilon_5,mordred,0.32323232323232326,False
ETA_dEpsilon_A,mordred,0.32323232323232326,False
ETA_dEpsilon_B,mordred,0.32323232323232326,False
ETA_dEpsilon_C,mordred,0.32323232323232326,False
ETA_dEpsilon_D,mordred,0.32323232323232326,False
ETA_dBeta,mordred,0.32323232323232326,False
AETA_dBeta,mordred,0.32323232323232326,False
ETA_psi_1,mordred,0.32323232323232326,False
ETA_dPsi_A,mordred,0.32323232323232326,False
ETA_dPsi_B,mordred,0.32323232323232326,False
fragCpx,mordred,0.0,True
fMF,mordred,0.0,True
nHBAcc,mordred,0.0,True
nHBDon,mordred,0.0,True
IC0,mordred,0.0,True
IC1,mordred,0.0,True
IC2,mordred,0.0,True
IC3,mordred,0.0,True
IC4,mordred,0.0,True
IC5,mordred,0.0,True
TIC0,mordred,0.0,True
TIC1,mordred,0.0,True
TIC2,mordred,0.0,True
TIC3,mordred,0.0,True
TIC4,mordred,0.0,True
TIC5,mordred,0.0,True
SIC0,mordred,0.0,True
SIC1,mordred,0.0,True
SIC2,mordred,0.0,True
SIC3,mordred,0.0,True
SIC4,mordred,0.0,True
SIC5,mordred,0.0,True
BIC0,mordred,0.0707070707070707,True
BIC1,mordred,0.0707070707070707,True
BIC2,mordred,0.0707070707070707,True
BIC3,mordred,0.0707070707070707,True
BIC4,mordred,0.0707070707070707,True
BIC5,mordred,0.0707070707070707,True
CIC0,mordred,0.0,True
CIC1,mordred,0.0,True
CIC2,mordred,0.0,True
CIC3,mordred,0.0,True
CIC4,mordred,0.0,True
CIC5,mordred,0.0,True
MIC0,mordred,0.0,True
MIC1,mordred,0.0,True
MIC2,mordred,0.0,True
MIC3,mordred,0.0,True
MIC4,mordred,0.0,True
MIC5,mordred,0.0,True
ZMIC0,mordred,0.0,True
ZMIC1,mordred,0.0,True
ZMIC2,mordred,0.0,True
ZMIC3,mordred,0.0,True
ZMIC4,mordred,0.0,True
ZMIC5,mordred,0.0,True
Kier1,mordred,0.0707070707070707,True
Kier2,mordred,0.09090909090909091,True
Kier3,mordred,0.1919191919191919,True
Lipinski,mordred,0.0,True
GhoseFilter,mordred,0.0,True
FilterItLogS,mordred,0.0,True
VMcGowan,mordred,0.0,True
LabuteASA,mordred,0.0,True
PEOE_VSA1,mordred,0.0,True
PEOE_VSA2,mordred,0.0,True
PEOE_VSA3,mordred,0.0,True
PEOE_VSA4,mordred,0.0,True
PEOE_VSA5,mordred,0.0,True
PEOE_VSA6,mordred,0.0,True
PEOE_VSA7,mordred,0.0,True
PEOE_VSA8,mordred,0.0,True
PEOE_VSA9,mordred,0.0,True
PEOE_VSA10,mordred,0.0,True
PEOE_VSA11,mordred,0.0,True
PEOE_VSA12,mordred,0.0,True
PEOE_VSA13,mordred,0.0,True
SMR_VSA1,mordred,0.0,True
SMR_VSA2,mordred,0.0,True
SMR_VSA3,mordred,0.0,True
SMR_VSA4,mordred,0.0,True
SMR_VSA5,mordred,0.0,True
SMR_VSA6,mordred,0.0,True
SMR_VSA7,mordred,0.0,True
SMR_VSA8,mordred,0.0,True
SMR_VSA9,mordred,0.0,True
SlogP_VSA1,mordred,0.0,True
SlogP_VSA2,mordred,0.0,True
SlogP_VSA3,mordred,0.0,True
SlogP_VSA4,mordred,0.0,True
SlogP_VSA5,mordred,0.0,True
SlogP_VSA6,mordred,0.0,True
SlogP_VSA7,mordred,0.0,True
SlogP_VSA8,mordred,0.0,True
SlogP_VSA9,mordred,0.0,True
SlogP_VSA10,mordred,0.0,True
SlogP_VSA11,mordred,0.0,True
EState_VSA1,mordred,0.0,True
EState_VSA2,mordred,0.0,True
EState_VSA3,mordred,0.0,True
EState_VSA4,mordred,0.0,True
EState_VSA5,mordred,0.0,True
EState_VSA6,mordred,0.0,True
EState_VSA7,mordred,0.0,True
EState_VSA8,mordred,0.0,True
EState_VSA9,mordred,0.0,True
EState_VSA10,mordred,0.0,True
VSA_EState1,mordred,0.0,True
VSA_EState2,mordred,0.0,True
VSA_EState3,mordred,0.0,True
VSA_EState4,mordred,0.0,True
VSA_EState5,mordred,0.0,True
VSA_EState6,mordred,0.0,True
VSA_EState7,mordred,0.0,True
VSA_EState8,mordred,0.0,True
VSA_EState9,mordred,0.0,True
MDEC-11,mordred,0.7373737373737373,False
MDEC-12,mordred,0.5252525252525253,False
MDEC-13,mordred,0.5353535353535354,False
MDEC-14,mordred,0.8585858585858586,False
MDEC-22,mordred,0.26262626262626265,False
MDEC-23,mordred,0.29292929292929293,False
MDEC-24,mordred,0.8282828282828283,False
MDEC-33,mordred,0.3333333333333333,False
MDEC-34,mordred,0.8282828282828283,False
MDEC-44,mordred,0.9191919191919192,False
MDEO-11,mordred,0.3838383838383838,False
MDEO-12,mordred,0.6060606060606061,False
MDEO-22,mordred,0.8686868686868687,False
MDEN-11,mordred,0.9696969696969697,False
MDEN-12,mordred,0.9494949494949495,False
MDEN-13,mordred,0.9696969696969697,False
MDEN-22,mordred,0.8484848484848485,False
MDEN-23,mordred,0.8888888888888888,False
MDEN-33,mordred,0.8888888888888888,False
MID,mordred,0.32323232323232326,False
AMID,mordred,0.32323232323232326,False
MID_h,mordred,0.32323232323232326,False
AMID_h,mordred,0.32323232323232326,False
MID_C,mordred,0.32323232323232326,False
AMID_C,mordred,0.32323232323232326,False
MID_N,mordred,0.32323232323232326,False
AMID_N,mordred,0.32323232323232326,False
MID_O,mordred,0.32323232323232326,False
AMID_O,mordred,0.32323232323232326,False
MID_X,mordred,0.32323232323232326,False
AMID_X,mordred,0.32323232323232326,False
MPC2,mordred,0.0,True
MPC3,mordred,0.0,True
MPC4,mordred,0.0,True
MPC5,mordred,0.0,True
MPC6,mordred,0.0,True
MPC7,mordred,0.0,True
MPC8,mordred,0.0,True
MPC9,mordred,0.0,True
MPC10,mordred,0.0,True
TMPC10,mordred,0.0,True
piPC1,mordred,0.0,True
piPC2,mordred,0.0,True
piPC3,mordred,0.0,True
piPC4,mordred,0.0,True
piPC5,mordred,0.0,True
piPC6,mordred,0.0,True
piPC7,mordred,0.0,True
piPC8,mordred,0.0,True
piPC9,mordred,0.0,True
piPC10,mordred,0.0,True
TpiPC10,mordred,0.0,True
apol,mordred,0.0,True
bpol,mordred,0.0,True
nRing,mordred,0.0,True
n3Ring,mordred,0.0,True
n4Ring,mordred,0.0,True
n5Ring,mordred,0.0,True
n6Ring,mordred,0.0,True
n7Ring,mordred,0.0,True
n8Ring,mordred,0.0,True
n9Ring,mordred,0.0,True
n10Ring,mordred,0.0,True
n11Ring,mordred,0.0,True
n12Ring,mordred,0.0,True
nG12Ring,mordred,0.0,True
nHRing,mordred,0.0,True
n3HRing,mordred,0.0,True
n4HRing,mordred,0.0,True
n5HRing,mordred,0.0,True
n6HRing,mordred,0.0,True
n7HRing,mordred,0.0,True
n8HRing,mordred,0.0,True
n9HRing,mordred,0.0,True
n10HRing,mordred,0.0,True
n11HRing,mordred,0.0,True
n12HRing,mordred,0.0,True
nG12HRing,mordred,0.0,True
naRing,mordred,0.0,True
n3aRing,mordred,0.0,True
n4aRing,mordred,0.0,True
n5aRing,mordred,0.0,True
n6aRing,mordred,0.0,True
n7aRing,mordred,0.0,True
n8aRing,mordred,0.0,True
n9aRing,mordred,0.0,True
n10aRing,mordred,0.0,True
n11aRing,mordred,0.0,True
n12aRing,mordred,0.0,True
nG12aRing,mordred,0.0,True
naHRing,mordred,0.0,True
n3aHRing,mordred,0.0,True
n4aHRing,mordred,0.0,True
n5aHRing,mordred,0.0,True
n6aHRing,mordred,0.0,True
n7aHRing,mordred,0.0,True
n8aHRing,mordred,0.0,True
n9aHRing,mordred,0.0,True
n10aHRing,mordred,0.0,True
n11aHRing,mordred,0.0,True
n12aHRing,mordred,0.0,True
nG12aHRing,mordred,0.0,True
nARing,mordred,0.0,True
n3ARing,mordred,0.0,True
n4ARing,mordred,0.0,True
n5ARing,mordred,0.0,True
n6ARing,mordred,0.0,True
n7ARing,mordred,0.0,True
n8ARing,mordred,0.0,True
n9ARing,mordred,0.0,True
n10ARing,mordred,0.0,True
n11ARing,mordred,0.0,True
n12ARing,mordred,0.0,True
nG12ARing,mordred,0.0,True
nAHRing,mordred,0.0,True
n3AHRing,mordred,0.0,True
n4AHRing,mordred,0.0,True
n5AHRing,mordred,0.0,True
n6AHRing,mordred,0.0,True
n7AHRing,mordred,0.0,True
n8AHRing,mordred,0.0,True
n9AHRing,mordred,0.0,True
n10AHRing,mordred,0.0,True
n11AHRing,mordred,0.0,True
n12AHRing,mordred,0.0,True
nG12AHRing,mordred,0.0,True
nFRing,mordred,0.0,True
n4FRing,mordred,0.0,True
n5FRing,mordred,0.0,True
n6FRing,mordred,0.0,True
n7FRing,mordred,0.0,True
n8FRing,mordred,0.0,True
n9FRing,mordred,0.0,True
n10FRing,mordred,0.0,True
n11FRing,mordred,0.0,True
n12FRing,mordred,0.0,True
nG12FRing,mordred,0.0,True
nFHRing,mordred,0.0,True
n4FHRing,mordred,0.0,True
n5FHRing,mordred,0.0,True
n6FHRing,mordred,0.0,True
n7FHRing,mordred,0.0,True
n8FHRing,mordred,0.0,True
n9FHRing,mordred,0.0,True
n10FHRing,mordred,0.0,True
n11FHRing,mordred,0.0,True
n12FHRing,mordred,0.0,True
nG12FHRing,mordred,0.0,True
nFaRing,mordred,0.0,True
n4FaRing,mordred,0.0,True
n5FaRing,mordred,0.0,True
n6FaRing,mordred,0.0,True
n7FaRing,mordred,0.0,True
n8FaRing,mordred,0.0,True
n9FaRing,mordred,0.0,True
n10FaRing,mordred,0.0,True
n11FaRing,mordred,0.0,True
n12FaRing,mordred,0.0,True
nG12FaRing,mordred,0.0,True
nFaHRing,mordred,0.0,True
n4FaHRing,mordred,0.0,True
n5FaHRing,mordred,0.0,True
n6FaHRing,mordred,0.0,True
n7FaHRing,mordred,0.0,True
n8FaHRing,mordred,0.0,True
n9FaHRing,mordred,0.0,True
n10FaHRing,mordred,0.0,True
n11FaHRing,mordred,0.0,True
n12FaHRing,mordred,0.0,True
nG12FaHRing,mordred,0.0,True
nFARing,mordred,0.0,True
n4FARing,mordred,0.0,True
n5FARing,mordred,0.0,True
n6FARing,mordred,0.0,True
n7FARing,mordred,0.0,True
n8FARing,mordred,0.0,True
n9FARing,mordred,0.0,True
n10FARing,mordred,0.0,True
n11FARing,mordred,0.0,True
n12FARing,mordred,0.0,True
nG12FARing,mordred,0.0,True
nFAHRing,mordred,0.0,True
n4FAHRing,mordred,0.0,True
n5FAHRing,mordred,0.0,True
n6FAHRing,mordred,0.0,True
n7FAHRing,mordred,0.0,True
n8FAHRing,mordred,0.0,True
n9FAHRing,mordred,0.0,True
n10FAHRing,mordred,0.0,True
n11FAHRing,mordred,0.0,True
n12FAHRing,mordred,0.0,True
nG12FAHRing,mordred,0.0,True
nRot,mordred,0.0,True
RotRatio,mordred,0.0707070707070707,True
SLogP,mordred,0.0,True
SMR,mordred,0.0,True
TopoPSA(NO),mordred,0.0,True
TopoPSA,mordred,0.0,True
GGI1,mordred,0.0,True
GGI2,mordred,0.0,True
GGI3,mordred,0.0,True
GGI4,mordred,0.0,True
GGI5,mordred,0.0,True
GGI6,mordred,0.0,True
GGI7,mordred,0.0,True
GGI8,mordred,0.0,True
GGI9,mordred,0.0,True
GGI10,mordred,0.0,True
JGI1,mordred,0.0,True
JGI2,mordred,0.0,True
JGI3,mordred,0.0,True
JGI4,mordred,0.0,True
JGI5,mordred,0.0,True
JGI6,mordred,0.0,True
JGI7,mordred,0.0,True
JGI8,mordred,0.0,True
JGI9,mordred,0.0,True
JGI10,mordred,0.0,True
JGT10,mordred,0.0,True
Diameter,mordred,0.0,True
Radius,mordred,0.0,True
TopoShapeIndex,mordred,0.010101010101010102,True
PetitjeanIndex,mordred,0.010101010101010102,True
Vabc,mordred,0.29292929292929293,False
VAdjMat,mordred,0.0707070707070707,True
MWC01,mordred,0.0,True
MWC02,mordred,0.0,True
MWC03,mordred,0.0,True
MWC04,mordred,0.0,True
MWC05,mordred,0.0,True
MWC06,mordred,0.0,True
MWC07,mordred,0.0,True
MWC08,mordred,0.0,True
MWC09,mordred,0.0,True
MWC10,mordred,0.0,True
TMWC10,mordred,0.0,True
SRW02,mordred,0.0,True
SRW03,mordred,0.0,True
SRW04,mordred,0.0,True
SRW05,mordred,0.0,True
SRW06,mordred,0.0,True
SRW07,mordred,0.0,True
SRW08,mordred,0.0,True
SRW09,mordred,0.0,True
SRW10,mordred,0.0,True
TSRW10,mordred,0.0,True
MW,mordred,0.0,True
AMW,mordred,0.0,True
WPath,mordred,0.0,True
WPol,mordred,0.0,True
Zagreb1,mordred,0.0,True
Zagreb2,mordred,0.0,True
mZagreb1,mordred,0.32323232323232326,False
mZagreb2,mordred,0.0,True
